Recording	Participant	AOI	Total_duration_of_fixations	Average_duration_of_fixations	Minimum_duration_of_fixations	Maximum_duration_of_fixations	Number_of_fixations	Average_pupil_diameter	Total_duration_of_Visit	Average_duration_of_Visit	Minimum_duration_of_Visit	Maximum_duration_of_Visit	Number_of_Visits	Total_duration_of_Glances	Average_duration_of_Glances	Minimum_duration_of_Glances	Maximum_duration_of_Glances	Number_of_Glances	Number_of_saccades_in_AOI	Time_to_entry_saccade	Time_to_exit_saccade	Peak_velocity_of_entry_saccade	Peak_velocity_of_exit_saccade
Recording5	Participant1	Rectangle	20368	229	67	933	89	3.01691	24981	1388	150	3298	18	25614	1423	183	3348	18	56	50945	33465	463.03	629.19
Recording5	Participant1	Rectangle 1	14856	222	67	583	67	2.98497	17238	862	83	2498	20	18170	909	117	2548	20	41	33465	50945	629.19	463.03
Recording5	Participant1	Rectangle 2	716	239	117	466	3	3.13943	716	239	117	466	3	799	266	117	516	3	0	34464	60020	48.55	274.99
Recording5	Participant1	Rectangle 3	500	125	67	167	4	2.88681	600	600	600	600	1	650	650	650	650	1	3	33815	34464	53.34	48.55
Recording5	Participant1	Rectangle 4	2915	208	67	450	14	2.99143	3048	305	67	816	10	3381	338	83	833	10	4	33465	33815	629.19	53.34
Recording5	Participant1	Rectangle 5	8710	242	67	583	36	2.97929	9726	648	183	1782	15	10476	698	233	1849	15	17	42921	50379	275.52	65.4
Recording5	Participant1	Rectangle 6	2015	202	100	366	10	2.96962	2148	358	117	550	6	2382	397	117	616	6	4	50379	50945	65.4	463.03
Recording5	Participant1	Rectangle 7	19386	223	67	883	87	2.99645	21751	777	100	2831	28	23317	833	150	2898	28	57	92497	95395	152.56	187.94
Recording5	Participant1	Rectangle 8	63950	295	67	1999	217	2.98035	74538	1863	167	6360	40	76653	1916	183	6427	40	157	95395	96077	187.94	301.29
Recording5	Participant1	Rectangle 9	6529	297	133	1449	22	2.97152	7295	811	200	2465	9	7761	862	217	2515	9	11	99209	98343	354.94	533.07
Recording5	Participant1	Rectangle 10	15955	266	83	1199	60	2.98987	17887	745	133	3114	24	18820	784	167	3148	24	32	95395	96077	187.94	301.29
Recording5	Participant1	Rectangle 11	18865	314	67	1749	60	2.98282	21213	731	100	4014	29	22379	772	150	4014	29	27	99708	99975	480.66	48.94
Recording5	Participant1	Rectangle 12	9593	320	83	1366	30	2.96875	10493	617	100	1682	17	11275	663	100	1782	17	11	104472	104888	580.81	41.87
Recording5	Participant1	Rectangle 13	13157	286	67	1999	46	2.97638	14490	1115	167	3264	13	15073	1159	183	3314	13	30	111900	113482	171.16	212.97
Recording5	Participant1	Rectangle 14	37124	260	67	849	143	3.08872	53922	1926	117	15683	28	55088	1967	167	15716	28	91	204296	207910	133.66	280.32
Recording5	Participant1	Rectangle 15	1332	190	67	300	7	3.0657	1449	362	67	733	4	1566	391	67	766	4	3	284891	293818	179.58	172.46
Recording5	Participant1	Rectangle 16	11125	214	67	683	52	3.05571	12674	667	67	2282	19	13440	707	83	2315	19	30	284625	231011	181.15	538.95
Recording5	Participant1	Rectangle 17	0				0		0				0	0				0	0				
Recording5	Participant1	Rectangle 18	766	192	150	300	4	3.09814	799	266	150	500	3	916	305	183	533	3	1	284891	285075	179.58	107.95
Recording5	Participant1	Rectangle 19	0				0		0				0	0				0	0				
Recording5	Participant1	Rectangle 20	283	283	283	283	1	3.12706	283	283	283	283	1	333	333	333	333	1	0	285075	285408	107.95	100.85
Recording5	Participant1	Rectangle 21	283	142	67	217	2	2.91657	283	142	67	217	2	316	158	67	250	2	0	285408		100.85	
Recording5	Participant1	Rectangle 22	7778	259	83	1232	30	3.06672	9227	659	83	2298	14	9743	696	183	2365	14	15	217270	218153	225.22	78.28
Recording5	Participant1	Rectangle 23	6912	209	83	466	33	3.00862	8194	512	83	2615	16	8777	549	100	2665	16	15	218153	218353	78.28	242.53
Recording5	Participant1	Rectangle 24	7095	187	67	650	38	3.05031	8061	448	100	1449	18	8760	487	133	1466	18	15	231360	236568	172.15	358.22
Recording5	Participant1	Rectangle 25	21052	234	17	666	90	2.99941	26815	1915	350	7445	14	27381	1956	383	7445	14	61	332424	331325	468.8	481.38
Recording5	Participant1	Rectangle 26	2698	193	100	366	14	2.98888	2998	500	150	1299	6	3314	552	200	1366	6	8	343450	344116	107.44	172.76
Recording5	Participant1	Rectangle 27	3564	210	83	350	17	2.97973	3914	489	217	766	8	4314	539	250	816	8	9	344632	345215	76.26	548.67
Recording5	Participant1	Rectangle 28	0				0		0				0	0				0	0				
Recording5	Participant1	Rectangle 29	350	175	150	200	2	2.95479	350	175	150	200	2	433	217	200	233	2	0	343450	343683	107.44	158.21
Recording5	Participant1	Rectangle 30	1083	180	100	283	6	2.99801	1149	287	183	416	4	1299	325	233	433	4	2	343683	344116	158.21	172.76
Recording5	Participant1	Rectangle 31	849	212	100	366	4	2.99421	849	212	100	366	4	1066	266	150	416	4	0	354925	355341	385.27	91.21
Recording5	Participant1	Rectangle 32	416	208	200	217	2	2.98287	416	208	200	217	2	516	258	233	283	2	0	356690	356923	75.02	181.07
Recording5	Participant1	Rectangle 33	3668	245	37	683	15	3.02224	4268	854	37	2248	5	4467	893	104	2265	5	8	331325	332424	481.38	468.8
Recording5	Participant1	Rectangle 34	2931	195	117	366	15	2.99422	3364	561	117	1582	6	3664	611	167	1632	6	8	342550	342717	204.16	228.37
Recording5	Participant1	Rectangle 35	2298	177	67	283	13	2.98534	2532	422	200	1266	6	2765	461	233	1316	6	7	345898	347214	60.62	258.8
Recording5	Participant1	Rectangle 36	13442	249	85	633	54	3.16256	15707	1745	433	4648	9	16107	1790	516	4648	9	39	378475	378208	147.46	69.22
Recording5	Participant1	Rectangle 37	1116	159	67	283	7	3.15572	1349	450	83	983	3	1432	477	100	1033	3	3	389950	404739	175.53	123.34
Recording5	Participant1	Rectangle 38	1166	167	67	283	7	3.10364	1282	427	67	683	3	1399	466	100	733	3	4	385187		63.39	
Recording5	Participant1	Rectangle 39	0				0		0				0	0				0	0				
Recording5	Participant1	Rectangle 40	466	233	183	283	2	3.12385	466	233	183	283	2	533	266	233	300	2	0	389950	390183	175.53	135.98
Recording5	Participant1	Rectangle 41	583	146	83	250	4	3.17577	716	358	83	633	2	783	391	100	683	2	1	390183	390866	135.98	104.47
Recording5	Participant1	Rectangle 42	67	67	67	67	1	3.20329	67	67	67	67	1	117	117	117	117	1	0	390866		104.47	
Recording5	Participant1	Rectangle 43	0				0		0				0	0				0	0				
Recording5	Participant1	Rectangle 44	2848	203	100	366	14	3.14488	3214	536	150	1166	6	3464	577	217	1216	6	8	384520	383838	483.95	213.67
Recording5	Participant1	Rectangle 45	2581	199	117	350	13	3.13353	2965	741	133	2248	4	3164	791	183	2282	4	9	383055	386969	221.22	87.24
Recording5	Participant1	Rectangle 46	2915	194	67	533	15	3.08575	3831	766	83	1732	5	3997	799	117	1765	5	8	384787	385187	75.29	63.39
Recording5	Participant1	Rectangle	20368	229	67	933	89	3.01691	24981	1388	150	3298	18	25614	1423	183	3348	18	56	102425	84945	463.03	629.19
Recording5	Participant1	Rectangle 1	14856	222	67	583	67	2.98497	17238	862	83	2498	20	18170	909	117	2548	20	41	84945	102425	629.19	463.03
Recording5	Participant1	Rectangle 2	716	239	117	466	3	3.13943	716	239	117	466	3	799	266	117	516	3	0	85945	111500	48.55	274.99
Recording5	Participant1	Rectangle 3	500	125	67	167	4	2.88681	600	600	600	600	1	650	650	650	650	1	3	85295	85945	53.34	48.55
Recording5	Participant1	Rectangle 4	2915	208	67	450	14	2.99143	3048	305	67	816	10	3381	338	83	833	10	4	84945	85295	629.19	53.34
Recording5	Participant1	Rectangle 5	8710	242	67	583	36	2.97929	9726	648	183	1782	15	10476	698	233	1849	15	17	94402	101859	275.52	65.4
Recording5	Participant1	Rectangle 6	2015	202	100	366	10	2.96962	2148	358	117	550	6	2382	397	117	616	6	4	101859	102425	65.4	463.03
Recording5	Participant1	Rectangle 7	19386	223	67	883	87	2.99645	21751	777	100	2831	28	23317	833	150	2898	28	57	143977	146875	152.56	187.94
Recording5	Participant1	Rectangle 8	63950	295	67	1999	217	2.98035	74538	1863	167	6360	40	76653	1916	183	6427	40	157	146875	147558	187.94	301.29
Recording5	Participant1	Rectangle 9	6529	297	133	1449	22	2.97152	7295	811	200	2465	9	7761	862	217	2515	9	11	150689	149823	354.94	533.07
Recording5	Participant1	Rectangle 10	15955	266	83	1199	60	2.98987	17887	745	133	3114	24	18820	784	167	3148	24	32	146875	147558	187.94	301.29
Recording5	Participant1	Rectangle 11	18865	314	67	1749	60	2.98282	21213	731	100	4014	29	22379	772	150	4014	29	27	151189	151455	480.66	48.94
Recording5	Participant1	Rectangle 12	9593	320	83	1366	30	2.96875	10493	617	100	1682	17	11275	663	100	1782	17	11	155952	156368	580.81	41.87
Recording5	Participant1	Rectangle 13	13157	286	67	1999	46	2.97638	14490	1115	167	3264	13	15073	1159	183	3314	13	30	163380	164962	171.16	212.97
Recording5	Participant1	Rectangle 14	37124	260	67	849	143	3.08872	53922	1926	117	15683	28	55088	1967	167	15716	28	91	255777	259391	133.66	280.32
Recording5	Participant1	Rectangle 15	1332	190	67	300	7	3.0657	1449	362	67	733	4	1566	391	67	766	4	3	336372	345299	179.58	172.46
Recording5	Participant1	Rectangle 16	11125	214	67	683	52	3.05571	12674	667	67	2282	19	13440	707	83	2315	19	30	336105	282491	181.15	538.95
Recording5	Participant1	Rectangle 17	0				0		0				0	0				0	0				
Recording5	Participant1	Rectangle 18	766	192	150	300	4	3.09814	799	266	150	500	3	916	305	183	533	3	1	336372	336555	179.58	107.95
Recording5	Participant1	Rectangle 19	0				0		0				0	0				0	0				
Recording5	Participant1	Rectangle 20	283	283	283	283	1	3.12706	283	283	283	283	1	333	333	333	333	1	0	336555	336888	107.95	100.85
Recording5	Participant1	Rectangle 21	283	142	67	217	2	2.91657	283	142	67	217	2	316	158	67	250	2	0	336888		100.85	
Recording5	Participant1	Rectangle 22	7778	259	83	1232	30	3.06672	9227	659	83	2298	14	9743	696	183	2365	14	15	268751	269634	225.22	78.28
Recording5	Participant1	Rectangle 23	6912	209	83	466	33	3.00862	8194	512	83	2615	16	8777	549	100	2665	16	15	269634	269834	78.28	242.53
Recording5	Participant1	Rectangle 24	7095	187	67	650	38	3.05031	8061	448	100	1449	18	8760	487	133	1466	18	15	282841	288048	172.15	358.22
Recording5	Participant1	Rectangle 25	21052	234	17	666	90	2.99941	26815	1915	350	7445	14	27381	1956	383	7445	14	61	383905	382806	468.8	481.38
Recording5	Participant1	Rectangle 26	2698	193	100	366	14	2.98888	2998	500	150	1299	6	3314	552	200	1366	6	8	394930	395596	107.44	172.76
Recording5	Participant1	Rectangle 27	3564	210	83	350	17	2.97973	3914	489	217	766	8	4314	539	250	816	8	9	396113	396696	76.26	548.67
Recording5	Participant1	Rectangle 28	0				0		0				0	0				0	0				
Recording5	Participant1	Rectangle 29	350	175	150	200	2	2.95479	350	175	150	200	2	433	217	200	233	2	0	394930	395163	107.44	158.21
Recording5	Participant1	Rectangle 30	1083	180	100	283	6	2.99801	1149	287	183	416	4	1299	325	233	433	4	2	395163	395596	158.21	172.76
Recording5	Participant1	Rectangle 31	849	212	100	366	4	2.99421	849	212	100	366	4	1066	266	150	416	4	0	406405	406822	385.27	91.21
Recording5	Participant1	Rectangle 32	416	208	200	217	2	2.98287	416	208	200	217	2	516	258	233	283	2	0	408171	408404	75.02	181.07
Recording5	Participant1	Rectangle 33	3668	245	37	683	15	3.02224	4268	854	37	2248	5	4467	893	104	2265	5	8	382806	383905	481.38	468.8
Recording5	Participant1	Rectangle 34	2931	195	117	366	15	2.99422	3364	561	117	1582	6	3664	611	167	1632	6	8	394031	394197	204.16	228.37
Recording5	Participant1	Rectangle 35	2298	177	67	283	13	2.98534	2532	422	200	1266	6	2765	461	233	1316	6	7	397378	398694	60.62	258.8
Recording5	Participant1	Rectangle 36	13442	249	85	633	54	3.16256	15707	1745	433	4648	9	16107	1790	516	4648	9	39	429955	429689	147.46	69.22
Recording5	Participant1	Rectangle 37	1116	159	67	283	7	3.15572	1349	450	83	983	3	1432	477	100	1033	3	3	441430	456220	175.53	123.34
Recording5	Participant1	Rectangle 38	1166	167	67	283	7	3.10364	1282	427	67	683	3	1399	466	100	733	3	4	436667		63.39	
Recording5	Participant1	Rectangle 39	0				0		0				0	0				0	0				
Recording5	Participant1	Rectangle 40	466	233	183	283	2	3.12385	466	233	183	283	2	533	266	233	300	2	0	441430	441664	175.53	135.98
Recording5	Participant1	Rectangle 41	583	146	83	250	4	3.17577	716	358	83	633	2	783	391	100	683	2	1	441664	442346	135.98	104.47
Recording5	Participant1	Rectangle 42	67	67	67	67	1	3.20329	67	67	67	67	1	117	117	117	117	1	0	442346		104.47	
Recording5	Participant1	Rectangle 43	0				0		0				0	0				0	0				
Recording5	Participant1	Rectangle 44	2848	203	100	366	14	3.14488	3214	536	150	1166	6	3464	577	217	1216	6	8	436001	435318	483.95	213.67
Recording5	Participant1	Rectangle 45	2581	199	117	350	13	3.13353	2965	741	133	2248	4	3164	791	183	2282	4	9	434535	438449	221.22	87.24
Recording5	Participant1	Rectangle 46	2915	194	67	533	15	3.08575	3831	766	83	1732	5	3997	799	117	1765	5	8	436267	436667	75.29	63.39
Recording8	Participant2	Rectangle	66632	231	67	1366	288	2.97472	77774	4093	117	33339	19	78940	4155	183	33339	19	259	43174	36579	270.61	464.15
Recording8	Participant2	Rectangle 1	28763	293	83	1199	98	2.85865	32027	1601	400	6579	20	33176	1659	483	6629	20	74	36579	43174	464.15	270.61
Recording8	Participant2	Rectangle 2	9760	296	133	833	33	2.84743	10626	1063	133	2781	10	11142	1114	200	2831	10	22	36579	43174	464.15	270.61
Recording8	Participant2	Rectangle 3	5763	339	83	1199	17	2.85898	6062	674	167	1432	9	6579	731	233	1499	9	8	52135	52718	55.51	324.39
Recording8	Participant2	Rectangle 4	6962	290	133	966	24	2.88154	7611	761	133	1266	10	8028	803	200	1282	10	13	59146	60412	64.09	261.72
Recording8	Participant2	Rectangle 5	6062	276	83	633	22	2.84876	6745	843	250	1699	8	7095	887	283	1732	8	12	94538	95321	72.19	35.58
Recording8	Participant2	Rectangle 6	0				0		0				0	0				0	0				
Recording8	Participant2	Rectangle 7	30599	251	67	1399	122	2.93755	34646	1386	88	8760	25	36129	1445	88	8827	25	93	121419	130246	217.93	638.46
Recording8	Participant2	Rectangle 8	40588	252	83	1199	161	2.85745	45951	1702	150	7112	27	47433	1757	200	7145	27	127	130246	130862	638.46	143.1
Recording8	Participant2	Rectangle 9	10909	248	117	533	44	2.87666	12125	674	133	2332	18	12891	716	150	2348	18	23	130546	130862	74.49	143.1
Recording8	Participant2	Rectangle 10	14606	252	83	1199	58	2.84663	15905	636	100	2382	25	17005	680	167	2415	25	32	134360	134526	161.78	31.15
Recording8	Participant2	Rectangle 11	10259	256	100	500	40	2.86563	11425	952	167	2648	12	11858	988	200	2698	12	26	153912	154195	79.7	51.51
Recording8	Participant2	Rectangle 12	4314	270	117	600	16	2.80003	4713	1178	217	3164	4	4913	1228	266	3181	4	12	162190	162456	181	316.82
Recording8	Participant2	Rectangle 13	200	100	83	117	2	2.86835	200	100	83	117	2	333	167	150	183	2	0	176063	176246	181.55	202.8
Recording8	Participant2	Rectangle 14	102564	364	37	2748	282	3.11525	111724	2660	133	18270	42	113290	2697	150	18337	42	218	220548	213636	92.01	543.74
Recording8	Participant2	Rectangle 15	749	187	67	350	4	3.20272	749	187	67	350	4	866	217	67	383	4	0	364546	364762	337.92	34.35
Recording8	Participant2	Rectangle 16	5763	303	133	666	19	3.21879	6062	758	383	1616	8	6412	802	400	1665	8	11	363446	364546	125.19	337.92
Recording8	Participant2	Rectangle 17	167	167	167	167	1	3.36739	167	167	167	167	1	217	217	217	217	1	0	364546	364762	337.92	34.35
Recording8	Participant2	Rectangle 18	0				0		0				0	0				0	0				
Recording8	Participant2	Rectangle 19	0				0		0				0	0				0	0				
Recording8	Participant2	Rectangle 20	0				0		0				0	0				0	0				
Recording8	Participant2	Rectangle 21	67	67	67	67	1	3.08532	67	67	67	67	1	67	67	67	67	1	0				
Recording8	Participant2	Rectangle 22	11359	277	67	1249	41	3.04639	12258	645	83	2948	19	13041	686	133	2998	19	20	245797	246197	96.56	93.48
Recording8	Participant2	Rectangle 23	19753	324	117	1249	61	3.13068	21335	1067	117	3797	20	22084	1104	167	3847	20	39	266765	269114	39.09	159.06
Recording8	Participant2	Rectangle 24	1566	313	100	633	5	3.13383	1715	1715	1715	1715	1	1765	1765	1765	1765	1	4	357734	359499	69.86	433.29
Recording8	Participant2	Rectangle 25	25575	320	83	999	80	3.06513	28473	1424	157	8263	20	29189	1459	191	8263	20	50	411212	410663	112.9	88.73
Recording8	Participant2	Rectangle 26	0				0		0				0	0				0	0				
Recording8	Participant2	Rectangle 27	866	217	133	383	4	2.97988	883	294	150	533	3	999	333	200	583	3	1	464408	464624	35.62	78.7
Recording8	Participant2	Rectangle 28	0				0		0				0	0				0	0				
Recording8	Participant2	Rectangle 29	0				0		0				0	0				0	0				
Recording8	Participant2	Rectangle 30	0				0		0				0	0				0	0				
Recording8	Participant2	Rectangle 31	0				0		0				0	0				0	0				
Recording8	Participant2	Rectangle 32	0				0		0				0	0				0	0				
Recording8	Participant2	Rectangle 33	8011	297	67	749	27	3.02853	8710	1089	316	4747	8	9060	1133	366	4780	8	19	412845	413228	138.61	112.18
Recording8	Participant2	Rectangle 34	15189	292	83	700	52	2.94719	17138	1558	117	8910	11	17671	1606	167	8927	11	36	415226	415726	260.63	47.98
Recording8	Participant2	Rectangle 35	2631	239	100	500	11	2.94933	2865	716	100	1582	4	3031	758	133	1616	4	7	458745	458879	53.09	88.86
Recording8	Participant2	Rectangle 36	46462	289	4	1499	161	3.15505	53308	1666	133	6766	32	54757	1711	167	6766	32	110	486859	486126	143.42	207.51
Recording8	Participant2	Rectangle 37	0				0		0				0	0				0	0				
Recording8	Participant2	Rectangle 38	1349	169	83	316	8	3.04239	1632	408	167	650	4	1799	450	200	700	4	2	587404	588669	182.72	30.8
Recording8	Participant2	Rectangle 39	0				0		0				0	0				0	0				
Recording8	Participant2	Rectangle 40	0				0		0				0	0				0	0				
Recording8	Participant2	Rectangle 41	0				0		0				0	0				0	0				
Recording8	Participant2	Rectangle 42	0				0		0				0	0				0	0				
Recording8	Participant2	Rectangle 43	0				0		0				0	0				0	0				
Recording8	Participant2	Rectangle 44	8577	252	100	799	34	3.13214	9277	714	117	2881	13	9826	756	150	2898	13	21	486126	486859	207.51	143.42
Recording8	Participant2	Rectangle 45	21335	288	83	1016	74	3.05983	22934	764	117	4613	30	24316	811	150	4647	30	43	502781	503164	182.07	34.18
Recording8	Participant2	Rectangle 46	16072	287	100	733	56	2.99793	17204	905	133	2215	19	17954	945	183	2248	19	36	551413	551646	146.8	96.36
Recording8	Participant2	Rectangle	66632	231	67	1366	288	2.97472	77774	4093	117	33339	19	78940	4155	183	33339	19	259	87175	80580	270.61	464.15
Recording8	Participant2	Rectangle 1	28763	293	83	1199	98	2.85865	32027	1601	400	6579	20	33176	1659	483	6629	20	74	80580	87175	464.15	270.61
Recording8	Participant2	Rectangle 2	9760	296	133	833	33	2.84743	10626	1063	133	2781	10	11142	1114	200	2831	10	22	80580	87175	464.15	270.61
Recording8	Participant2	Rectangle 3	5763	339	83	1199	17	2.85898	6062	674	167	1432	9	6579	731	233	1499	9	8	96136	96718	55.51	324.39
Recording8	Participant2	Rectangle 4	6962	290	133	966	24	2.88154	7611	761	133	1266	10	8028	803	200	1282	10	13	103147	104413	64.09	261.72
Recording8	Participant2	Rectangle 5	6062	276	83	633	22	2.84876	6745	843	250	1699	8	7095	887	283	1732	8	12	138539	139321	72.19	35.58
Recording8	Participant2	Rectangle 6	0				0		0				0	0				0	0				
Recording8	Participant2	Rectangle 7	30599	251	67	1399	122	2.93755	34646	1386	88	8760	25	36129	1445	88	8827	25	93	165420	174247	217.93	638.46
Recording8	Participant2	Rectangle 8	40588	252	83	1199	161	2.85745	45951	1702	150	7112	27	47433	1757	200	7145	27	127	174247	174863	638.46	143.1
Recording8	Participant2	Rectangle 9	10909	248	117	533	44	2.87666	12125	674	133	2332	18	12891	716	150	2348	18	23	174546	174863	74.49	143.1
Recording8	Participant2	Rectangle 10	14606	252	83	1199	58	2.84663	15905	636	100	2382	25	17005	680	167	2415	25	32	178360	178527	161.78	31.15
Recording8	Participant2	Rectangle 11	10259	256	100	500	40	2.86563	11425	952	167	2648	12	11858	988	200	2698	12	26	197913	198196	79.7	51.51
Recording8	Participant2	Rectangle 12	4314	270	117	600	16	2.80003	4713	1178	217	3164	4	4913	1228	266	3181	4	12	206191	206457	181	316.82
Recording8	Participant2	Rectangle 13	200	100	83	117	2	2.86835	200	100	83	117	2	333	167	150	183	2	0	220064	220247	181.55	202.8
Recording8	Participant2	Rectangle 14	102564	364	37	2748	282	3.11525	111724	2660	133	18270	42	113290	2697	150	18337	42	218	264549	257637	92.01	543.74
Recording8	Participant2	Rectangle 15	749	187	67	350	4	3.20272	749	187	67	350	4	866	217	67	383	4	0	408547	408763	337.92	34.35
Recording8	Participant2	Rectangle 16	5763	303	133	666	19	3.21879	6062	758	383	1616	8	6412	802	400	1665	8	11	407447	408547	125.19	337.92
Recording8	Participant2	Rectangle 17	167	167	167	167	1	3.36739	167	167	167	167	1	217	217	217	217	1	0	408547	408763	337.92	34.35
Recording8	Participant2	Rectangle 18	0				0		0				0	0				0	0				
Recording8	Participant2	Rectangle 19	0				0		0				0	0				0	0				
Recording8	Participant2	Rectangle 20	0				0		0				0	0				0	0				
Recording8	Participant2	Rectangle 21	67	67	67	67	1	3.08532	67	67	67	67	1	67	67	67	67	1	0				
Recording8	Participant2	Rectangle 22	11359	277	67	1249	41	3.04639	12258	645	83	2948	19	13041	686	133	2998	19	20	289798	290197	96.56	93.48
Recording8	Participant2	Rectangle 23	19753	324	117	1249	61	3.13068	21335	1067	117	3797	20	22084	1104	167	3847	20	39	310766	313114	39.09	159.06
Recording8	Participant2	Rectangle 24	1566	313	100	633	5	3.13383	1715	1715	1715	1715	1	1765	1765	1765	1765	1	4	401735	403500	69.86	433.29
Recording8	Participant2	Rectangle 25	25575	320	83	999	80	3.06513	28473	1424	157	8263	20	29189	1459	191	8263	20	50	455213	454664	112.9	88.73
Recording8	Participant2	Rectangle 26	0				0		0				0	0				0	0				
Recording8	Participant2	Rectangle 27	866	217	133	383	4	2.97988	883	294	150	533	3	999	333	200	583	3	1	508409	508625	35.62	78.7
Recording8	Participant2	Rectangle 28	0				0		0				0	0				0	0				
Recording8	Participant2	Rectangle 29	0				0		0				0	0				0	0				
Recording8	Participant2	Rectangle 30	0				0		0				0	0				0	0				
Recording8	Participant2	Rectangle 31	0				0		0				0	0				0	0				
Recording8	Participant2	Rectangle 32	0				0		0				0	0				0	0				
Recording8	Participant2	Rectangle 33	8011	297	67	749	27	3.02853	8710	1089	316	4747	8	9060	1133	366	4780	8	19	456845	457229	138.61	112.18
Recording8	Participant2	Rectangle 34	15189	292	83	700	52	2.94719	17138	1558	117	8910	11	17671	1606	167	8927	11	36	459227	459727	260.63	47.98
Recording8	Participant2	Rectangle 35	2631	239	100	500	11	2.94933	2865	716	100	1582	4	3031	758	133	1616	4	7	502746	502879	53.09	88.86
Recording8	Participant2	Rectangle 36	46462	289	4	1499	161	3.15505	53308	1666	133	6766	32	54757	1711	167	6766	32	110	530859	530127	143.42	207.51
Recording8	Participant2	Rectangle 37	0				0		0				0	0				0	0				
Recording8	Participant2	Rectangle 38	1349	169	83	316	8	3.04239	1632	408	167	650	4	1799	450	200	700	4	2	631405	632670	182.72	30.8
Recording8	Participant2	Rectangle 39	0				0		0				0	0				0	0				
Recording8	Participant2	Rectangle 40	0				0		0				0	0				0	0				
Recording8	Participant2	Rectangle 41	0				0		0				0	0				0	0				
Recording8	Participant2	Rectangle 42	0				0		0				0	0				0	0				
Recording8	Participant2	Rectangle 43	0				0		0				0	0				0	0				
Recording8	Participant2	Rectangle 44	8577	252	100	799	34	3.13214	9277	714	117	2881	13	9826	756	150	2898	13	21	530127	530859	207.51	143.42
Recording8	Participant2	Rectangle 45	21335	288	83	1016	74	3.05983	22934	764	117	4613	30	24316	811	150	4647	30	43	546781	547165	182.07	34.18
Recording8	Participant2	Rectangle 46	16072	287	100	733	56	2.99793	17204	905	133	2215	19	17954	945	183	2248	19	36	595414	595647	146.8	96.36
Recording14	Participant3	Rectangle	29813	226	64	583	132	2.80034	34860	3169	204	13107	11	35360	3215	287	13157	11	115	41882	41666	119.2	58.14
Recording14	Participant3	Rectangle 1	9377	268	83	650	35	2.75245	11025	1002	200	4247	11	11492	1045	217	4264	11	19	41666	41882	58.14	119.2
Recording14	Participant3	Rectangle 2	1582	316	150	466	5	2.77548	1632	544	150	1282	3	1749	583	183	1349	3	2	41666	41882	58.14	119.2
Recording14	Participant3	Rectangle 3	1599	178	100	350	9	2.78755	1682	336	117	550	5	1932	386	133	600	5	4	58421	59020	233.89	290.09
Recording14	Participant3	Rectangle 4	4014	268	83	633	15	2.73278	4847	808	83	1849	6	5030	838	100	1865	6	7	63833	61951	541.48	325
Recording14	Participant3	Rectangle 5	1899	380	217	650	5	2.75523	1899	380	217	650	5	2115	423	250	700	5	0	69679	70046	66.2	386.43
Recording14	Participant3	Rectangle 6	616	308	283	333	2	2.74322	650	650	650	650	1	700	700	700	700	1	1	78373	79073	184.85	146.16
Recording14	Participant3	Rectangle 7	10232	256	54	1133	40	2.7786	11298	941	268	1420	12	11831	986	335	1420	12	27	89065	87900	142.43	162.56
Recording14	Participant3	Rectangle 8	22267	250	67	683	89	2.71691	26664	2222	683	4863	12	27231	2269	733	4913	12	66	87900	91397	162.56	180.71
Recording14	Participant3	Rectangle 9	2498	208	67	666	12	2.74939	2848	570	67	1066	5	3015	603	83	1116	5	6	87900	91397	162.56	180.71
Recording14	Participant3	Rectangle 10	7828	237	67	683	33	2.73919	9776	1222	83	3248	8	10159	1270	117	3314	8	19	93696	94428	44.89	177.29
Recording14	Participant3	Rectangle 11	4897	288	100	616	17	2.72951	5529	1382	1149	1782	4	5646	1411	1166	1799	4	12	108818	110017	136.9	389.48
Recording14	Participant3	Rectangle 12	2482	310	150	483	8	2.70419	2598	866	266	1849	3	2715	905	316	1899	3	5	111100	111416	161.13	32.99
Recording14	Participant3	Rectangle 13	4397	244	83	650	18	2.6475	4863	4863	4863	4863	1	4913	4913	4913	4913	1	17	121176	126089	382.47	171.71
Recording14	Participant3	Rectangle 14	96065	315	67	1632	305	3.03913	112070	3396	117	25698	33	113669	3445	183	25732	33	226	136648	136299	98.8	102.68
Recording14	Participant3	Rectangle 15	5546	264	100	566	21	2.9904	5946	743	283	2115	8	6262	783	300	2165	8	13	223437	223836	98.2	149.82
Recording14	Participant3	Rectangle 16	5196	217	83	700	24	3.04333	5763	480	117	1116	12	6296	525	150	1182	12	10	208747	209097	142.82	247.72
Recording14	Participant3	Rectangle 17	416	208	200	217	2	3.04696	416	208	200	217	2	500	250	250	250	2	0	223586	223836	59.54	149.82
Recording14	Participant3	Rectangle 18	1282	256	100	433	5	3.05854	1299	325	100	700	4	1432	358	150	733	4	1	223437	223586	98.2	59.54
Recording14	Participant3	Rectangle 19	666	222	117	366	3	2.96346	683	341	316	366	2	749	375	350	400	2	1	231464	231864	106.51	90.7
Recording14	Participant3	Rectangle 20	2265	283	133	566	8	2.96697	2298	328	133	566	7	2548	364	167	600	7	1	231864	232197	90.7	90.16
Recording14	Participant3	Rectangle 21	916	305	266	366	3	2.94684	916	305	266	366	3	1033	344	300	400	3	0	232197	232597	90.16	102.7
Recording14	Participant3	Rectangle 22	8794	293	83	666	30	3.06385	9243	616	117	1332	15	9810	654	150	1382	15	15	162380	162813	240.04	224.76
Recording14	Participant3	Rectangle 23	12658	230	117	516	55	2.98609	13524	520	117	1915	26	14606	562	183	1932	26	29	206465	207431	184.98	164.96
Recording14	Participant3	Rectangle 24	12941	240	67	650	54	3.01801	14456	657	83	2132	22	15156	689	100	2148	22	28	209430	210263	274.25	67.66
Recording14	Participant3	Rectangle 25	31894	301	67	1133	106	2.89796	38140	2119	83	10176	18	38856	2159	133	10193	18	67	305079	315271	239.47	214.9
Recording14	Participant3	Rectangle 26	5746	261	117	600	22	2.81544	6112	679	167	2715	9	6462	718	200	2765	9	13	328895	329161	135.44	254.68
Recording14	Participant3	Rectangle 27	4813	229	100	566	21	2.77677	5163	645	133	1149	8	5513	689	200	1182	8	13	346366	346566	167.67	42.84
Recording14	Participant3	Rectangle 28	583	291	217	366	2	2.83115	583	291	217	366	2	683	341	266	416	2	0	328895	329161	135.44	254.68
Recording14	Participant3	Rectangle 29	983	197	117	316	5	2.81129	999	250	117	350	4	1149	287	150	400	4	1	347049	347448	153.08	65.9
Recording14	Participant3	Rectangle 30	2315	289	133	600	8	2.82514	2348	391	183	600	6	2532	422	217	633	6	2	354926	355559	72.46	210.93
Recording14	Participant3	Rectangle 31	1399	233	167	383	6	2.79194	1416	283	167	600	5	1582	316	200	616	5	1	354660	354926	198.81	72.46
Recording14	Participant3	Rectangle 32	466	466	466	466	1	2.82682	466	466	466	466	1	516	516	516	516	1	0	369050	369566	318.81	123.06
Recording14	Participant3	Rectangle 33	7878	232	100	516	34	2.8688	9094	909	150	2815	10	9477	948	183	2865	10	21	315604	316154	69.01	201.67
Recording14	Participant3	Rectangle 34	8461	242	83	650	35	2.7951	10443	1160	167	3781	9	10726	1192	200	3814	9	20	330594	333042	56.27	141.23
Recording14	Participant3	Rectangle 35	7062	262	133	616	27	2.81575	7545	629	150	2082	12	7994	666	167	2132	12	14	333991	334358	232.9	224.17
Recording14	Participant3	Rectangle 36	37157	234	67	966	159	3.05373	45068	1878	283	9760	24	46217	1926	350	9810	24	113	392117	396713	190.32	333.66
Recording14	Participant3	Rectangle 37	766	192	117	350	4	3.0502	783	261	133	483	3	916	305	183	516	3	1	436052	436269	576.15	393.44
Recording14	Participant3	Rectangle 38	4630	210	83	383	22	2.96602	4996	454	83	1066	11	5280	480	133	1083	11	11	431522	431655	225.38	67.03
Recording14	Participant3	Rectangle 39	0				0		0				0	0				0	0				
Recording14	Participant3	Rectangle 40	167	167	167	167	1	3.10116	167	167	167	167	1	217	217	217	217	1	0	436052	436269	576.15	393.44
Recording14	Participant3	Rectangle 41	0				0		0				0	0				0	0				
Recording14	Participant3	Rectangle 42	600	200	117	350	3	3.03605	616	308	133	483	2	700	350	183	516	2	1	483119	483302	253.65	39.84
Recording14	Participant3	Rectangle 43	0				0		0				0	0				0	0				
Recording14	Participant3	Rectangle 44	11075	246	67	833	45	2.96359	12241	816	167	4080	15	12808	854	200	4147	15	27	396713	397313	333.66	858.48
Recording14	Participant3	Rectangle 45	11059	257	67	633	43	3.01351	13007	929	183	2248	14	13557	968	217	2298	14	25	414434	416666	265.13	191.55
Recording14	Participant3	Rectangle 46	7461	219	83	550	34	2.92391	8527	775	133	1882	11	8944	813	183	1915	11	20	424011	424194	205.54	50.75
Recording14	Participant3	Rectangle	29813	226	64	583	132	2.80034	34860	3169	204	13107	11	35360	3215	287	13157	11	115	94107	93890	119.2	58.14
Recording14	Participant3	Rectangle 1	9377	268	83	650	35	2.75245	11025	1002	200	4247	11	11492	1045	217	4264	11	19	93890	94107	58.14	119.2
Recording14	Participant3	Rectangle 2	1582	316	150	466	5	2.77548	1632	544	150	1282	3	1749	583	183	1349	3	2	93890	94107	58.14	119.2
Recording14	Participant3	Rectangle 3	1599	178	100	350	9	2.78755	1682	336	117	550	5	1932	386	133	600	5	4	110645	111245	233.89	290.09
Recording14	Participant3	Rectangle 4	4014	268	83	633	15	2.73278	4847	808	83	1849	6	5030	838	100	1865	6	7	116058	114176	541.48	325
Recording14	Participant3	Rectangle 5	1899	380	217	650	5	2.75523	1899	380	217	650	5	2115	423	250	700	5	0	121904	122270	66.2	386.43
Recording14	Participant3	Rectangle 6	616	308	283	333	2	2.74322	650	650	650	650	1	700	700	700	700	1	1	130597	131297	184.85	146.16
Recording14	Participant3	Rectangle 7	10232	256	54	1133	40	2.7786	11298	941	268	1420	12	11831	986	335	1420	12	27	141290	140124	142.43	162.56
Recording14	Participant3	Rectangle 8	22267	250	67	683	89	2.71691	26664	2222	683	4863	12	27231	2269	733	4913	12	66	140124	143622	162.56	180.71
Recording14	Participant3	Rectangle 9	2498	208	67	666	12	2.74939	2848	570	67	1066	5	3015	603	83	1116	5	6	140124	143622	162.56	180.71
Recording14	Participant3	Rectangle 10	7828	237	67	683	33	2.73919	9776	1222	83	3248	8	10159	1270	117	3314	8	19	145920	146653	44.89	177.29
Recording14	Participant3	Rectangle 11	4897	288	100	616	17	2.72951	5529	1382	1149	1782	4	5646	1411	1166	1799	4	12	161042	162242	136.9	389.48
Recording14	Participant3	Rectangle 12	2482	310	150	483	8	2.70419	2598	866	266	1849	3	2715	905	316	1899	3	5	163324	163641	161.13	32.99
Recording14	Participant3	Rectangle 13	4397	244	83	650	18	2.6475	4863	4863	4863	4863	1	4913	4913	4913	4913	1	17	173400	178314	382.47	171.71
Recording14	Participant3	Rectangle 14	96065	315	67	1632	305	3.03913	112070	3396	117	25698	33	113669	3445	183	25732	33	226	188873	188523	98.8	102.68
Recording14	Participant3	Rectangle 15	5546	264	100	566	21	2.9904	5946	743	283	2115	8	6262	783	300	2165	8	13	275661	276061	98.2	149.82
Recording14	Participant3	Rectangle 16	5196	217	83	700	24	3.04333	5763	480	117	1116	12	6296	525	150	1182	12	10	260971	261321	142.82	247.72
Recording14	Participant3	Rectangle 17	416	208	200	217	2	3.04696	416	208	200	217	2	500	250	250	250	2	0	275811	276061	59.54	149.82
Recording14	Participant3	Rectangle 18	1282	256	100	433	5	3.05854	1299	325	100	700	4	1432	358	150	733	4	1	275661	275811	98.2	59.54
Recording14	Participant3	Rectangle 19	666	222	117	366	3	2.96346	683	341	316	366	2	749	375	350	400	2	1	283689	284088	106.51	90.7
Recording14	Participant3	Rectangle 20	2265	283	133	566	8	2.96697	2298	328	133	566	7	2548	364	167	600	7	1	284088	284421	90.7	90.16
Recording14	Participant3	Rectangle 21	916	305	266	366	3	2.94684	916	305	266	366	3	1033	344	300	400	3	0	284421	284821	90.16	102.7
Recording14	Participant3	Rectangle 22	8794	293	83	666	30	3.06385	9243	616	117	1332	15	9810	654	150	1382	15	15	214604	215037	240.04	224.76
Recording14	Participant3	Rectangle 23	12658	230	117	516	55	2.98609	13524	520	117	1915	26	14606	562	183	1932	26	29	258690	259656	184.98	164.96
Recording14	Participant3	Rectangle 24	12941	240	67	650	54	3.01801	14456	657	83	2132	22	15156	689	100	2148	22	28	261654	262487	274.25	67.66
Recording14	Participant3	Rectangle 25	31894	301	67	1133	106	2.89796	38140	2119	83	10176	18	38856	2159	133	10193	18	67	357303	367496	239.47	214.9
Recording14	Participant3	Rectangle 26	5746	261	117	600	22	2.81544	6112	679	167	2715	9	6462	718	200	2765	9	13	381119	381386	135.44	254.68
Recording14	Participant3	Rectangle 27	4813	229	100	566	21	2.77677	5163	645	133	1149	8	5513	689	200	1182	8	13	398590	398790	167.67	42.84
Recording14	Participant3	Rectangle 28	583	291	217	366	2	2.83115	583	291	217	366	2	683	341	266	416	2	0	381119	381386	135.44	254.68
Recording14	Participant3	Rectangle 29	983	197	117	316	5	2.81129	999	250	117	350	4	1149	287	150	400	4	1	399273	399673	153.08	65.9
Recording14	Participant3	Rectangle 30	2315	289	133	600	8	2.82514	2348	391	183	600	6	2532	422	217	633	6	2	407151	407784	72.46	210.93
Recording14	Participant3	Rectangle 31	1399	233	167	383	6	2.79194	1416	283	167	600	5	1582	316	200	616	5	1	406884	407151	198.81	72.46
Recording14	Participant3	Rectangle 32	466	466	466	466	1	2.82682	466	466	466	466	1	516	516	516	516	1	0	421274	421790	318.81	123.06
Recording14	Participant3	Rectangle 33	7878	232	100	516	34	2.8688	9094	909	150	2815	10	9477	948	183	2865	10	21	367829	368378	69.01	201.67
Recording14	Participant3	Rectangle 34	8461	242	83	650	35	2.7951	10443	1160	167	3781	9	10726	1192	200	3814	9	20	382818	385266	56.27	141.23
Recording14	Participant3	Rectangle 35	7062	262	133	616	27	2.81575	7545	629	150	2082	12	7994	666	167	2132	12	14	386216	386582	232.9	224.17
Recording14	Participant3	Rectangle 36	37157	234	67	966	159	3.05373	45068	1878	283	9760	24	46217	1926	350	9810	24	113	444341	448938	190.32	333.66
Recording14	Participant3	Rectangle 37	766	192	117	350	4	3.0502	783	261	133	483	3	916	305	183	516	3	1	488276	488493	576.15	393.44
Recording14	Participant3	Rectangle 38	4630	210	83	383	22	2.96602	4996	454	83	1066	11	5280	480	133	1083	11	11	483746	483880	225.38	67.03
Recording14	Participant3	Rectangle 39	0				0		0				0	0				0	0				
Recording14	Participant3	Rectangle 40	167	167	167	167	1	3.10116	167	167	167	167	1	217	217	217	217	1	0	488276	488493	576.15	393.44
Recording14	Participant3	Rectangle 41	0				0		0				0	0				0	0				
Recording14	Participant3	Rectangle 42	600	200	117	350	3	3.03605	616	308	133	483	2	700	350	183	516	2	1	535343	535526	253.65	39.84
Recording14	Participant3	Rectangle 43	0				0		0				0	0				0	0				
Recording14	Participant3	Rectangle 44	11075	246	67	833	45	2.96359	12241	816	167	4080	15	12808	854	200	4147	15	27	448938	449537	333.66	858.48
Recording14	Participant3	Rectangle 45	11059	257	67	633	43	3.01351	13007	929	183	2248	14	13557	968	217	2298	14	25	466658	468890	265.13	191.55
Recording14	Participant3	Rectangle 46	7461	219	83	550	34	2.92391	8527	775	133	1882	11	8944	813	183	1915	11	20	476235	476418	205.54	50.75
Recording17	Participant4	Rectangle	40204	227	16	716	177	2.60366	49930	1664	133	10508	30	51512	1717	200	10508	30	123	34054	33188	186.34	298.5
Recording17	Participant4	Rectangle 1	22267	237	67	700	94	2.53507	25132	811	100	3597	31	26614	859	150	3614	31	58	33188	33372	298.5	88.05
Recording17	Participant4	Rectangle 2	6029	251	67	700	24	2.49637	6812	757	100	3414	9	7162	796	150	3448	9	13	33188	33372	298.5	88.05
Recording17	Participant4	Rectangle 3	5163	258	117	550	20	2.54755	5396	360	117	1266	15	6112	407	167	1299	15	5	38385	38551	519.88	57.26
Recording17	Participant4	Rectangle 4	7078	253	100	483	28	2.58121	7661	479	117	1765	16	8327	520	150	1815	16	11	45446	45663	88.18	58.93
Recording17	Participant4	Rectangle 5	3098	194	83	516	16	2.49754	3281	328	117	550	10	3664	366	167	583	10	6	73209	73409	167.31	42.67
Recording17	Participant4	Rectangle 6	400	133	117	150	3	2.52723	400	133	117	150	3	566	189	183	200	3	0	87865	88048	275.63	93.75
Recording17	Participant4	Rectangle 7	22668	249	67	766	91	2.49922	26130	933	133	3147	28	27513	983	150	3147	28	54	119307	118075	274.82	169.77
Recording17	Participant4	Rectangle 8	32993	250	67	666	132	2.59158	38989	1500	117	4347	26	40438	1555	167	4397	26	95	118075	118908	169.77	71.6
Recording17	Participant4	Rectangle 9	13607	247	83	566	55	2.57543	16072	804	117	3597	20	16955	848	167	3614	20	29	118075	118691	169.77	62
Recording17	Participant4	Rectangle 10	10243	277	67	666	37	2.67174	11558	722	100	1732	16	12241	765	117	1815	16	18	137328	137561	219.65	36.78
Recording17	Participant4	Rectangle 11	5080	231	117	500	22	2.53568	5596	430	117	1382	13	6162	474	167	1449	13	8	162693	163343	93.12	317.8
Recording17	Participant4	Rectangle 12	4463	235	100	450	19	2.50279	4946	707	250	2398	7	5296	757	300	2415	7	12	167856	168156	451.49	52.77
Recording17	Participant4	Rectangle 13	133	133	133	133	1	2.46625	133	133	133	133	1	183	183	183	183	1	0	172486	172669	490.16	39.89
Recording17	Participant4	Rectangle 14	174678	299	67	1832	585	2.77563	211663	2679	83	29328	79	215711	2731	150	29378	79	393	187409	216787	133.81	100.45
Recording17	Participant4	Rectangle 15	650	217	133	316	3	3.01814	700	350	133	566	2	766	383	150	616	2	1	496213	491467	162.22	197.19
Recording17	Participant4	Rectangle 16	3797	223	83	466	17	2.70487	3864	276	83	1399	14	4530	324	133	1399	14	3	229295	229611	287.13	269.89
Recording17	Participant4	Rectangle 17	0				0		0				0	0				0	0				
Recording17	Participant4	Rectangle 18	133	133	133	133	1	2.89134	133	133	133	133	1	150	150	150	150	1	0		491467		197.19
Recording17	Participant4	Rectangle 19	0				0		0				0	0				0	0				
Recording17	Participant4	Rectangle 20	0				0		0				0	0				0	0				
Recording17	Participant4	Rectangle 21	0				0		0				0	0				0	0				
Recording17	Participant4	Rectangle 22	15539	268	83	1016	58	2.66404	16638	504	83	1466	33	18004	546	117	1499	33	24	225298	225514	167.52	216.91
Recording17	Participant4	Rectangle 23	23750	253	67	783	94	2.68774	25682	514	100	2831	50	27680	554	117	2848	50	41	254493	284385	362.39	113.53
Recording17	Participant4	Rectangle 24	9910	268	100	700	37	2.64663	10443	497	100	1632	21	11309	539	133	1649	21	15	252994	369307	132.9	80.86
Recording17	Participant4	Rectangle 25	31261	279	67	1832	112	2.74153	39298	1637	133	10770	24	40413	1684	200	10820	24	66	503092	502409	271.89	147.55
Recording17	Participant4	Rectangle 26	383	192	150	233	2	2.71748	383	192	150	233	2	516	258	233	283	2	0	559145	559428	257.55	39.11
Recording17	Participant4	Rectangle 27	1715	172	67	316	10	2.64313	1832	262	100	550	7	2165	309	133	600	7	3	525620	526220	107.86	299.24
Recording17	Participant4	Rectangle 28	0				0		0				0	0				0	0				
Recording17	Participant4	Rectangle 29	0				0		0				0	0				0	0				
Recording17	Participant4	Rectangle 30	0				0		0				0	0				0	0				
Recording17	Participant4	Rectangle 31	233	233	233	233	1	2.67904	233	233	233	233	1	283	283	283	283	1	0	559145	559428	257.55	39.11
Recording17	Participant4	Rectangle 32	150	150	150	150	1	2.77727	150	150	150	150	1	233	233	233	233	1	0	561510	561743	445.12	120.16
Recording17	Participant4	Rectangle 33	8627	270	67	700	32	2.62369	9193	707	83	1982	13	9793	753	100	2032	13	19	517793	517976	148.73	57.92
Recording17	Participant4	Rectangle 34	5230	227	83	566	23	2.63325	5629	469	167	966	12	6029	502	200	983	12	11	531783	532632	70.79	187.56
Recording17	Participant4	Rectangle 35	2082	208	67	400	10	2.62272	2115	235	67	400	9	2465	274	83	433	9	1	540491	540691	74.27	56.41
Recording17	Participant4	Rectangle 36	68629	255	44	1449	269	2.78592	83999	1500	117	24907	56	86947	1553	167	24907	56	164	599960	599627	47.26	208.93
Recording17	Participant4	Rectangle 37	566	189	117	250	3	2.88483	600	300	200	400	2	700	350	250	450	2	1	700488	700937	253.4	96.56
Recording17	Participant4	Rectangle 38	6229	215	67	416	29	2.74073	6545	327	83	766	20	7545	377	167	816	20	9	667529	665564	307.35	56.49
Recording17	Participant4	Rectangle 39	0				0		0				0	0				0	0				
Recording17	Participant4	Rectangle 40	0				0		0				0	0				0	0				
Recording17	Participant4	Rectangle 41	117	117	117	117	1	2.89359	117	117	117	117	1	150	150	150	150	1	0	700787	700937	47.43	96.56
Recording17	Participant4	Rectangle 42	200	200	200	200	1	2.71235	200	200	200	200	1	250	250	250	250	1	0	729329	729579	149.71	53.18
Recording17	Participant4	Rectangle 43	0				0		0				0	0				0	0				
Recording17	Participant4	Rectangle 44	14007	222	67	533	63	2.72852	15456	429	67	1799	36	16921	470	67	1832	36	24	603275	603458	302.9	44.47
Recording17	Participant4	Rectangle 45	19486	238	83	666	82	2.72551	21716	494	83	2598	44	23648	537	133	2631	44	34	610336	610536	179.59	59.8
Recording17	Participant4	Rectangle 46	17088	225	67	550	76	2.6614	19553	515	150	1949	38	21168	557	167	1965	38	32	652856	653439	44.22	292.77
Recording17	Participant4	Rectangle	40204	227	16	716	177	2.60366	49930	1664	133	10508	30	51512	1717	200	10508	30	123	78294	77428	186.34	298.5
Recording17	Participant4	Rectangle 1	22267	237	67	700	94	2.53507	25132	811	100	3597	31	26614	859	150	3614	31	58	77428	77611	298.5	88.05
Recording17	Participant4	Rectangle 2	6029	251	67	700	24	2.49637	6812	757	100	3414	9	7162	796	150	3448	9	13	77428	77611	298.5	88.05
Recording17	Participant4	Rectangle 3	5163	258	117	550	20	2.54755	5396	360	117	1266	15	6112	407	167	1299	15	5	82624	82791	519.88	57.26
Recording17	Participant4	Rectangle 4	7078	253	100	483	28	2.58121	7661	479	117	1765	16	8327	520	150	1815	16	11	89686	89902	88.18	58.93
Recording17	Participant4	Rectangle 5	3098	194	83	516	16	2.49754	3281	328	117	550	10	3664	366	167	583	10	6	117448	117648	167.31	42.67
Recording17	Participant4	Rectangle 6	400	133	117	150	3	2.52723	400	133	117	150	3	566	189	183	200	3	0	132105	132288	275.63	93.75
Recording17	Participant4	Rectangle 7	22668	249	67	766	91	2.49922	26130	933	133	3147	28	27513	983	150	3147	28	54	163547	162314	274.82	169.77
Recording17	Participant4	Rectangle 8	32993	250	67	666	132	2.59158	38989	1500	117	4347	26	40438	1555	167	4397	26	95	162314	163147	169.77	71.6
Recording17	Participant4	Rectangle 9	13607	247	83	566	55	2.57543	16072	804	117	3597	20	16955	848	167	3614	20	29	162314	162931	169.77	62
Recording17	Participant4	Rectangle 10	10243	277	67	666	37	2.67174	11558	722	100	1732	16	12241	765	117	1815	16	18	181567	181801	219.65	36.78
Recording17	Participant4	Rectangle 11	5080	231	117	500	22	2.53568	5596	430	117	1382	13	6162	474	167	1449	13	8	206933	207582	93.12	317.8
Recording17	Participant4	Rectangle 12	4463	235	100	450	19	2.50279	4946	707	250	2398	7	5296	757	300	2415	7	12	212096	212396	451.49	52.77
Recording17	Participant4	Rectangle 13	133	133	133	133	1	2.46625	133	133	133	133	1	183	183	183	183	1	0	216726	216909	490.16	39.89
Recording17	Participant4	Rectangle 14	174678	299	67	1832	585	2.77563	211663	2679	83	29328	79	215711	2731	150	29378	79	393	231648	261027	133.81	100.45
Recording17	Participant4	Rectangle 15	650	217	133	316	3	3.01814	700	350	133	566	2	766	383	150	616	2	1	540453	535706	162.22	197.19
Recording17	Participant4	Rectangle 16	3797	223	83	466	17	2.70487	3864	276	83	1399	14	4530	324	133	1399	14	3	273535	273851	287.13	269.89
Recording17	Participant4	Rectangle 17	0				0		0				0	0				0	0				
Recording17	Participant4	Rectangle 18	133	133	133	133	1	2.89134	133	133	133	133	1	150	150	150	150	1	0		535706		197.19
Recording17	Participant4	Rectangle 19	0				0		0				0	0				0	0				
Recording17	Participant4	Rectangle 20	0				0		0				0	0				0	0				
Recording17	Participant4	Rectangle 21	0				0		0				0	0				0	0				
Recording17	Participant4	Rectangle 22	15539	268	83	1016	58	2.66404	16638	504	83	1466	33	18004	546	117	1499	33	24	269537	269754	167.52	216.91
Recording17	Participant4	Rectangle 23	23750	253	67	783	94	2.68774	25682	514	100	2831	50	27680	554	117	2848	50	41	298732	328625	362.39	113.53
Recording17	Participant4	Rectangle 24	9910	268	100	700	37	2.64663	10443	497	100	1632	21	11309	539	133	1649	21	15	297234	413547	132.9	80.86
Recording17	Participant4	Rectangle 25	31261	279	67	1832	112	2.74153	39298	1637	133	10770	24	40413	1684	200	10820	24	66	547331	546649	271.89	147.55
Recording17	Participant4	Rectangle 26	383	192	150	233	2	2.71748	383	192	150	233	2	516	258	233	283	2	0	603384	603667	257.55	39.11
Recording17	Participant4	Rectangle 27	1715	172	67	316	10	2.64313	1832	262	100	550	7	2165	309	133	600	7	3	569860	570460	107.86	299.24
Recording17	Participant4	Rectangle 28	0				0		0				0	0				0	0				
Recording17	Participant4	Rectangle 29	0				0		0				0	0				0	0				
Recording17	Participant4	Rectangle 30	0				0		0				0	0				0	0				
Recording17	Participant4	Rectangle 31	233	233	233	233	1	2.67904	233	233	233	233	1	283	283	283	283	1	0	603384	603667	257.55	39.11
Recording17	Participant4	Rectangle 32	150	150	150	150	1	2.77727	150	150	150	150	1	233	233	233	233	1	0	605749	605982	445.12	120.16
Recording17	Participant4	Rectangle 33	8627	270	67	700	32	2.62369	9193	707	83	1982	13	9793	753	100	2032	13	19	562032	562215	148.73	57.92
Recording17	Participant4	Rectangle 34	5230	227	83	566	23	2.63325	5629	469	167	966	12	6029	502	200	983	12	11	576022	576872	70.79	187.56
Recording17	Participant4	Rectangle 35	2082	208	67	400	10	2.62272	2115	235	67	400	9	2465	274	83	433	9	1	584731	584931	74.27	56.41
Recording17	Participant4	Rectangle 36	68629	255	44	1449	269	2.78592	83999	1500	117	24907	56	86947	1553	167	24907	56	164	644200	643867	47.26	208.93
Recording17	Participant4	Rectangle 37	566	189	117	250	3	2.88483	600	300	200	400	2	700	350	250	450	2	1	744727	745177	253.4	96.56
Recording17	Participant4	Rectangle 38	6229	215	67	416	29	2.74073	6545	327	83	766	20	7545	377	167	816	20	9	711769	709803	307.35	56.49
Recording17	Participant4	Rectangle 39	0				0		0				0	0				0	0				
Recording17	Participant4	Rectangle 40	0				0		0				0	0				0	0				
Recording17	Participant4	Rectangle 41	117	117	117	117	1	2.89359	117	117	117	117	1	150	150	150	150	1	0	745027	745177	47.43	96.56
Recording17	Participant4	Rectangle 42	200	200	200	200	1	2.71235	200	200	200	200	1	250	250	250	250	1	0	773569	773819	149.71	53.18
Recording17	Participant4	Rectangle 43	0				0		0				0	0				0	0				
Recording17	Participant4	Rectangle 44	14007	222	67	533	63	2.72852	15456	429	67	1799	36	16921	470	67	1832	36	24	647514	647698	302.9	44.47
Recording17	Participant4	Rectangle 45	19486	238	83	666	82	2.72551	21716	494	83	2598	44	23648	537	133	2631	44	34	654576	654776	179.59	59.8
Recording17	Participant4	Rectangle 46	17088	225	67	550	76	2.6614	19553	515	150	1949	38	21168	557	167	1965	38	32	697096	697679	44.22	292.77
Recording20	Participant5	Rectangle	15621	226	67	600	69	3.32714	17420	1244	333	2848	14	18086	1292	400	2898	14	53	8127	9110	286.97	214.11
Recording20	Participant5	Rectangle 1	10709	261	67	983	41	3.30581	11708	781	150	1715	15	12275	818	167	1782	15	24	9110	8127	214.11	286.97
Recording20	Participant5	Rectangle 2	1216	304	67	683	4	3.30491	1316	658	67	1249	2	1382	691	117	1266	2	2	10326	10442	166.05	36.62
Recording20	Participant5	Rectangle 3	2615	291	150	533	9	3.38494	2798	700	183	1166	4	2931	733	217	1182	4	5	7911	8127	39.11	286.97
Recording20	Participant5	Rectangle 4	1915	213	83	383	9	3.28252	2115	529	150	1166	4	2182	545	167	1182	4	4	19669	7911	229.1	39.11
Recording20	Participant5	Rectangle 5	2448	306	117	983	8	3.23335	2548	510	117	1182	5	2781	556	167	1232	5	3	23783	24049	402.25	46.25
Recording20	Participant5	Rectangle 6	1299	217	133	333	6	3.26177	1299	217	133	333	6	1432	239	150	350	6	0	28163	30428	180.76	73.98
Recording20	Participant5	Rectangle 7	15489	204	67	633	76	3.12274	18187	1070	117	2981	17	19003	1118	167	3048	17	49	41170	43102	139.2	615.32
Recording20	Participant5	Rectangle 8	30162	245	67	1016	123	3.13898	34925	1397	133	5246	25	35724	1429	150	5263	25	81	43102	47666	615.32	247.58
Recording20	Participant5	Rectangle 9	4747	264	83	766	18	3.0826	5163	516	83	1915	10	5513	551	150	1949	10	7	43102	46217	615.32	88.37
Recording20	Participant5	Rectangle 10	9077	239	67	1016	38	3.11498	10309	736	117	3214	14	10676	763	133	3248	14	18	46217	46433	88.37	67.59
Recording20	Participant5	Rectangle 11	4580	254	117	483	18	3.21897	5296	662	117	1899	8	5596	699	150	1932	8	8	47266	47666	184.69	247.58
Recording20	Participant5	Rectangle 12	1949	162	100	366	12	3.15253	2598	866	550	1216	3	2648	883	566	1232	3	6	54144	54710	74.69	222.09
Recording20	Participant5	Rectangle 13	8727	257	67	550	34	3.14172	9726	973	133	2049	10	9976	998	150	2082	10	22	60623	61955	41.31	328.77
Recording20	Participant5	Rectangle 14	46285	321	19	1665	144	3.18941	50666	1448	150	13024	35	52231	1492	200	13074	35	95	107922	107190	122.98	191.79
Recording20	Participant5	Rectangle 15	1349	270	133	433	5	3.3759	1416	472	133	849	3	1516	505	150	899	3	2	155622	156521	89.92	117.85
Recording20	Participant5	Rectangle 16	15789	282	83	966	56	3.30093	17171	715	117	2998	24	18204	758	150	3015	24	25	146345	158736	40.53	32.81
Recording20	Participant5	Rectangle 17	983	246	133	433	4	3.3829	983	246	133	433	4	1116	279	150	466	4	0	155622	155838	89.92	51.77
Recording20	Participant5	Rectangle 18	366	366	366	366	1	3.3571	366	366	366	366	1	400	400	400	400	1	0	155838	156238	51.77	77.12
Recording20	Participant5	Rectangle 19	0				0		0				0	0				0	0				
Recording20	Participant5	Rectangle 20	0				0		0				0	0				0	0				
Recording20	Participant5	Rectangle 21	0				0		0				0	0				0	0				
Recording20	Participant5	Rectangle 22	4563	228	67	483	20	3.29314	4763	366	83	1016	13	5063	389	100	1049	13	7	107523	107922	57.05	122.98
Recording20	Participant5	Rectangle 23	12541	220	67	550	57	3.29863	13757	764	67	2998	18	14423	801	83	3048	18	37	112436	112602	60.94	35.09
Recording20	Participant5	Rectangle 24	8527	275	67	733	31	3.31129	8844	553	67	2465	16	9227	577	83	2482	16	15	142664	145146	48.56	214.17
Recording20	Participant5	Rectangle 25	22222	250	38	949	89	3.25704	26036	1736	167	5367	15	26635	1776	200	5367	15	59	223473	223773	136.46	90.63
Recording20	Participant5	Rectangle 26	566	142	67	200	4	3.29226	566	142	67	200	4	733	183	100	250	4	0	254717	254967	154.87	90.59
Recording20	Participant5	Rectangle 27	2065	229	83	400	9	3.25778	2098	300	83	633	7	2315	331	133	650	7	2	253868	250887	130.05	45.95
Recording20	Participant5	Rectangle 28	0				0		0				0	0				0	0				
Recording20	Participant5	Rectangle 29	566	142	67	200	4	3.29226	566	142	67	200	4	733	183	100	250	4	0	254717	254967	154.87	90.59
Recording20	Participant5	Rectangle 30	0				0		0				0	0				0	0				
Recording20	Participant5	Rectangle 31	0				0		0				0	0				0	0				
Recording20	Participant5	Rectangle 32	0				0		0				0	0				0	0				
Recording20	Participant5	Rectangle 33	3864	184	67	366	21	3.27202	4447	741	100	1616	6	4663	777	167	1632	6	13	223773	223473	90.63	136.46
Recording20	Participant5	Rectangle 34	3747	250	83	633	15	3.14757	4180	697	83	2631	6	4430	738	117	2698	6	8	231634	231750	80.54	47.29
Recording20	Participant5	Rectangle 35	3048	305	100	583	10	3.25675	3148	525	433	699	6	3348	558	450	716	6	4	244441	244924	106.9	194.47
Recording20	Participant5	Rectangle 36	26079	253	67	1299	103	3.3497	30260	1164	100	8611	26	31226	1201	148	8660	26	60	268058	267908	63.76	245.82
Recording20	Participant5	Rectangle 37	716	143	83	250	5	3.47581	749	187	83	366	4	849	212	100	366	4	1	309661	309811	71.79	99.25
Recording20	Participant5	Rectangle 38	3064	192	100	366	16	3.40841	3281	365	150	1316	9	3614	402	183	1332	9	6	315674	315890	52.37	268.69
Recording20	Participant5	Rectangle 39	200	200	200	200	1	3.43641	200	200	200	200	1	233	233	233	233	1	0	310128	310361	76.67	34.96
Recording20	Participant5	Rectangle 40	183	92	83	100	2	3.50646	183	92	83	100	2	250	125	100	150	2	0	309661	309811	71.79	99.25
Recording20	Participant5	Rectangle 41	250	250	250	250	1	3.48241	250	250	250	250	1	250	250	250	250	1	0		333228		74.85
Recording20	Participant5	Rectangle 42	83	83	83	83	1	3.48311	83	83	83	83	1	117	117	117	117	1	0	333228	333344	74.85	187.74
Recording20	Participant5	Rectangle 43	0				0		0				0	0				0	0				
Recording20	Participant5	Rectangle 44	4264	237	83	533	18	3.34196	4563	570	83	2415	8	4813	602	100	2465	8	10	270106	273287	37.97	253.83
Recording20	Participant5	Rectangle 45	8011	250	83	550	32	3.42989	8677	789	167	2748	11	9093	827	200	2781	11	18	286428	286628	214.78	44.4
Recording20	Participant5	Rectangle 46	10159	267	67	749	38	3.37109	11975	1197	67	5713	10	12341	1234	83	5746	10	20	309811	307979	99.25	231.53
Recording20	Participant5	Rectangle	15621	226	67	600	69	3.32714	17420	1244	333	2848	14	18086	1292	400	2898	14	53	132701	133683	286.97	214.11
Recording20	Participant5	Rectangle 1	10709	261	67	983	41	3.30581	11708	781	150	1715	15	12275	818	167	1782	15	24	133683	132701	214.11	286.97
Recording20	Participant5	Rectangle 2	1216	304	67	683	4	3.30491	1316	658	67	1249	2	1382	691	117	1266	2	2	134899	135016	166.05	36.62
Recording20	Participant5	Rectangle 3	2615	291	150	533	9	3.38494	2798	700	183	1166	4	2931	733	217	1182	4	5	132484	132701	39.11	286.97
Recording20	Participant5	Rectangle 4	1915	213	83	383	9	3.28252	2115	529	150	1166	4	2182	545	167	1182	4	4	144242	132484	229.1	39.11
Recording20	Participant5	Rectangle 5	2448	306	117	983	8	3.23335	2548	510	117	1182	5	2781	556	167	1232	5	3	148356	148623	402.25	46.25
Recording20	Participant5	Rectangle 6	1299	217	133	333	6	3.26177	1299	217	133	333	6	1432	239	150	350	6	0	152736	155001	180.76	73.98
Recording20	Participant5	Rectangle 7	15489	204	67	633	76	3.12274	18187	1070	117	2981	17	19003	1118	167	3048	17	49	165744	167676	139.2	615.32
Recording20	Participant5	Rectangle 8	30162	245	67	1016	123	3.13898	34925	1397	133	5246	25	35724	1429	150	5263	25	81	167676	172239	615.32	247.58
Recording20	Participant5	Rectangle 9	4747	264	83	766	18	3.0826	5163	516	83	1915	10	5513	551	150	1949	10	7	167676	170790	615.32	88.37
Recording20	Participant5	Rectangle 10	9077	239	67	1016	38	3.11498	10309	736	117	3214	14	10676	763	133	3248	14	18	170790	171007	88.37	67.59
Recording20	Participant5	Rectangle 11	4580	254	117	483	18	3.21897	5296	662	117	1899	8	5596	699	150	1932	8	8	171839	172239	184.69	247.58
Recording20	Participant5	Rectangle 12	1949	162	100	366	12	3.15253	2598	866	550	1216	3	2648	883	566	1232	3	6	178718	179284	74.69	222.09
Recording20	Participant5	Rectangle 13	8727	257	67	550	34	3.14172	9726	973	133	2049	10	9976	998	150	2082	10	22	185196	186529	41.31	328.77
Recording20	Participant5	Rectangle 14	46285	321	19	1665	144	3.18941	50666	1448	150	13024	35	52231	1492	200	13074	35	95	232496	231763	122.98	191.79
Recording20	Participant5	Rectangle 15	1349	270	133	433	5	3.3759	1416	472	133	849	3	1516	505	150	899	3	2	280195	281094	89.92	117.85
Recording20	Participant5	Rectangle 16	15789	282	83	966	56	3.30093	17171	715	117	2998	24	18204	758	150	3015	24	25	270918	283310	40.53	32.81
Recording20	Participant5	Rectangle 17	983	246	133	433	4	3.3829	983	246	133	433	4	1116	279	150	466	4	0	280195	280412	89.92	51.77
Recording20	Participant5	Rectangle 18	366	366	366	366	1	3.3571	366	366	366	366	1	400	400	400	400	1	0	280412	280811	51.77	77.12
Recording20	Participant5	Rectangle 19	0				0		0				0	0				0	0				
Recording20	Participant5	Rectangle 20	0				0		0				0	0				0	0				
Recording20	Participant5	Rectangle 21	0				0		0				0	0				0	0				
Recording20	Participant5	Rectangle 22	4563	228	67	483	20	3.29314	4763	366	83	1016	13	5063	389	100	1049	13	7	232096	232496	57.05	122.98
Recording20	Participant5	Rectangle 23	12541	220	67	550	57	3.29863	13757	764	67	2998	18	14423	801	83	3048	18	37	237009	237176	60.94	35.09
Recording20	Participant5	Rectangle 24	8527	275	67	733	31	3.31129	8844	553	67	2465	16	9227	577	83	2482	16	15	267238	269719	48.56	214.17
Recording20	Participant5	Rectangle 25	22222	250	38	949	89	3.25704	26036	1736	167	5367	15	26635	1776	200	5367	15	59	348047	348346	136.46	90.63
Recording20	Participant5	Rectangle 26	566	142	67	200	4	3.29226	566	142	67	200	4	733	183	100	250	4	0	379291	379541	154.87	90.59
Recording20	Participant5	Rectangle 27	2065	229	83	400	9	3.25778	2098	300	83	633	7	2315	331	133	650	7	2	378441	375460	130.05	45.95
Recording20	Participant5	Rectangle 28	0				0		0				0	0				0	0				
Recording20	Participant5	Rectangle 29	566	142	67	200	4	3.29226	566	142	67	200	4	733	183	100	250	4	0	379291	379541	154.87	90.59
Recording20	Participant5	Rectangle 30	0				0		0				0	0				0	0				
Recording20	Participant5	Rectangle 31	0				0		0				0	0				0	0				
Recording20	Participant5	Rectangle 32	0				0		0				0	0				0	0				
Recording20	Participant5	Rectangle 33	3864	184	67	366	21	3.27202	4447	741	100	1616	6	4663	777	167	1632	6	13	348346	348047	90.63	136.46
Recording20	Participant5	Rectangle 34	3747	250	83	633	15	3.14757	4180	697	83	2631	6	4430	738	117	2698	6	8	356207	356324	80.54	47.29
Recording20	Participant5	Rectangle 35	3048	305	100	583	10	3.25675	3148	525	433	699	6	3348	558	450	716	6	4	369015	369498	106.9	194.47
Recording20	Participant5	Rectangle 36	26079	253	67	1299	103	3.3497	30260	1164	100	8611	26	31226	1201	148	8660	26	60	392631	392481	63.76	245.82
Recording20	Participant5	Rectangle 37	716	143	83	250	5	3.47581	749	187	83	366	4	849	212	100	366	4	1	434235	434385	71.79	99.25
Recording20	Participant5	Rectangle 38	3064	192	100	366	16	3.40841	3281	365	150	1316	9	3614	402	183	1332	9	6	440247	440464	52.37	268.69
Recording20	Participant5	Rectangle 39	200	200	200	200	1	3.43641	200	200	200	200	1	233	233	233	233	1	0	434701	434934	76.67	34.96
Recording20	Participant5	Rectangle 40	183	92	83	100	2	3.50646	183	92	83	100	2	250	125	100	150	2	0	434235	434385	71.79	99.25
Recording20	Participant5	Rectangle 41	250	250	250	250	1	3.48241	250	250	250	250	1	250	250	250	250	1	0		457801		74.85
Recording20	Participant5	Rectangle 42	83	83	83	83	1	3.48311	83	83	83	83	1	117	117	117	117	1	0	457801	457918	74.85	187.74
Recording20	Participant5	Rectangle 43	0				0		0				0	0				0	0				
Recording20	Participant5	Rectangle 44	4264	237	83	533	18	3.34196	4563	570	83	2415	8	4813	602	100	2465	8	10	394680	397861	37.97	253.83
Recording20	Participant5	Rectangle 45	8011	250	83	550	32	3.42989	8677	789	167	2748	11	9093	827	200	2781	11	18	411002	411201	214.78	44.4
Recording20	Participant5	Rectangle 46	10159	267	67	749	38	3.37109	11975	1197	67	5713	10	12341	1234	83	5746	10	20	434385	432553	99.25	231.53
Recording23	Participant6	Rectangle	4520	205	57	450	22	3.24556	5253	1751	483	3787	3	5336	1779	550	3787	3	15	23373		464.8	
Recording23	Participant6	Rectangle 1	5579	223	83	716	25	3.2013	6412	2137	1932	2465	3	6562	2187	1949	2532	3	21		23373		464.8
Recording23	Participant6	Rectangle 2	1616	269	133	716	6	3.17959	1749	874	283	1466	2	1765	883	283	1482	2	4		22906		307.33
Recording23	Participant6	Rectangle 3	3597	200	83	366	18	3.20736	4097	1366	416	2465	3	4247	1416	466	2532	3	15	22906	23373	307.33	464.8
Recording23	Participant6	Rectangle 4	366	366	366	366	1	3.23741	366	366	366	366	1	433	433	433	433	1	0		28119		59.71
Recording23	Participant6	Rectangle 5	0				0		0				0	0				0	0				
Recording23	Participant6	Rectangle 6	0				0		0				0	0				0	0				
Recording23	Participant6	Rectangle 7	11558	218	67	849	53	3.17511	13174	941	117	4547	14	13907	993	150	4580	14	35	35197	39778	296.54	248.97
Recording23	Participant6	Rectangle 8	30545	226	67	983	135	3.13473	36706	1932	117	7761	19	37555	1977	150	7844	19	99	39778	40044	248.97	151.28
Recording23	Participant6	Rectangle 9	8177	210	67	483	39	3.11385	10191	1132	167	2715	9	10508	1168	183	2765	9	24	39778	40044	248.97	151.28
Recording23	Participant6	Rectangle 10	8444	235	67	533	36	3.17899	9660	878	283	1832	11	10159	924	350	1849	11	22	46406	46756	219.62	263.67
Recording23	Participant6	Rectangle 11	3181	289	83	983	11	3.19537	3348	1116	83	3114	3	3481	1160	150	3164	3	8	55216	52402	202.16	56.07
Recording23	Participant6	Rectangle 12	5912	204	83	566	29	3.08681	7012	779	83	2282	9	7361	818	133	2365	9	16	58914	61279	572.11	517.1
Recording23	Participant6	Rectangle 13	4663	245	83	616	19	3.11206	5413	1083	217	3847	5	5546	1109	233	3881	5	12	61279	62028	517.1	58
Recording23	Participant6	Rectangle 14	88838	357	67	2265	249	3.35646	107192	3573	117	19286	30	108691	3623	183	19336	30	152	112208	124449	118.26	284.36
Recording23	Participant6	Rectangle 15	6712	210	67	433	32	3.38686	7861	873	100	2032	9	8177	909	100	2065	9	21	178877	123983	123.52	50.74
Recording23	Participant6	Rectangle 16	13790	306	67	883	45	3.2834	15356	1024	83	4230	15	15922	1061	117	4247	15	25	158241	158425	129.62	94.37
Recording23	Participant6	Rectangle 17	899	225	67	333	4	3.35215	899	225	67	333	4	1066	266	100	350	4	0	178877	179143	123.52	93.9
Recording23	Participant6	Rectangle 18	1749	175	100	316	10	3.39139	2015	288	100	683	7	2198	314	100	716	7	2	216017	123983	346.61	50.74
Recording23	Participant6	Rectangle 19	899	225	150	333	4	3.40291	916	305	250	333	3	1016	339	283	366	3	1	216383	216750	93.13	43.76
Recording23	Participant6	Rectangle 20	1482	247	83	433	6	3.38789	1516	303	200	433	5	1699	340	233	450	5	1	215484	215850	155.55	69.57
Recording23	Participant6	Rectangle 21	1449	241	100	400	6	3.3856	1482	296	133	533	5	1665	333	167	583	5	1	215850	216017	69.57	346.61
Recording23	Participant6	Rectangle 22	16688	274	67	833	61	3.37826	19386	1077	133	2598	18	20052	1114	200	2631	18	35	123233	112208	43	118.26
Recording23	Participant6	Rectangle 23	9477	226	67	616	42	3.37583	10542	527	67	3881	20	11192	560	83	3931	20	20	157242	157875	263.68	49.82
Recording23	Participant6	Rectangle 24	14723	289	83	1099	51	3.3173	16355	861	83	3164	19	16938	891	100	3181	19	27	157875	158241	49.82	129.62
Recording23	Participant6	Rectangle 25	25873	319	67	1199	81	3.29087	30919	3092	516	9360	10	31269	3127	550	9377	10	55	294044	292962	176.45	287.18
Recording23	Participant6	Rectangle 26	3314	331	133	716	10	3.36874	3531	1177	650	2165	3	3581	1194	666	2198	3	7	304004	304670	283.82	277.33
Recording23	Participant6	Rectangle 27	2665	266	67	749	10	3.26879	2898	483	67	1799	6	3131	522	117	1832	6	3	301289	301772	42.71	46.75
Recording23	Participant6	Rectangle 28	266	266	266	266	1	3.43804	266	266	266	266	1	300	300	300	300	1	0	326754	327054	113.33	170.93
Recording23	Participant6	Rectangle 29	566	283	200	366	2	3.52654	566	283	200	366	2	600	300	217	383	2	0	304004	304387	283.82	120.83
Recording23	Participant6	Rectangle 30	1332	333	250	566	4	3.38454	1332	333	250	566	4	1449	362	283	583	4	0	304387	304670	120.83	277.33
Recording23	Participant6	Rectangle 31	1016	508	300	716	2	3.23227	1016	508	300	716	2	1099	550	333	766	2	0	327554	328320	60.59	58.6
Recording23	Participant6	Rectangle 32	0				0		0				0	0				0	0				
Recording23	Participant6	Rectangle 33	4014	175	67	383	23	3.34896	4730	1182	183	2981	4	4896	1224	233	3015	4	18	295360	294044	91.58	176.45
Recording23	Participant6	Rectangle 34	4214	248	67	450	17	3.24168	4896	816	133	2865	6	5180	863	183	2931	6	9	308034	323240	221.31	49.25
Recording23	Participant6	Rectangle 35	7628	246	67	516	31	3.36796	8860	738	117	2332	12	9210	768	133	2365	12	15	301039	301289	39.24	42.71
Recording23	Participant6	Rectangle 36	71793	278	45	1116	258	3.47444	90538	4115	83	28891	22	91454	4157	100	28908	22	163	362145	362978	225.12	174.76
Recording23	Participant6	Rectangle 37	2548	283	83	700	9	3.41606	2748	1374	949	1799	2	2815	1407	966	1849	2	7	467961	509548	220.45	182.98
Recording23	Participant6	Rectangle 38	9060	259	67	516	35	3.43591	10859	1357	67	8494	8	11142	1393	100	8511	8	19	432740	432840	34.09	46.9
Recording23	Participant6	Rectangle 39	949	475	250	700	2	3.56844	949	475	250	700	2	999	500	283	716	2	0	469527	509548	67.02	182.98
Recording23	Participant6	Rectangle 40	500	167	83	300	3	3.35931	533	266	233	300	2	583	291	250	333	2	1	469194	469527	58.26	67.02
Recording23	Participant6	Rectangle 41	583	583	583	583	1	3.26905	583	583	583	583	1	616	616	616	616	1	0	468578	469194	91.39	58.26
Recording23	Participant6	Rectangle 42	366	183	133	233	2	3.36025	366	183	133	233	2	450	225	183	266	2	0	467961	468145	220.45	36.95
Recording23	Participant6	Rectangle 43	150	150	150	150	1	3.34835	150	150	150	150	1	167	167	167	167	1	0	468145	468311	36.95	68.97
Recording23	Participant6	Rectangle 44	13923	253	83	516	55	3.35532	15322	1094	100	3064	14	15872	1134	150	3114	14	39	360780	362145	51.2	225.12
Recording23	Participant6	Rectangle 45	8994	281	100	1149	32	3.37033	10026	1253	167	3797	8	10276	1284	183	3831	8	22	385912	425495	501.54	30.66
Recording23	Participant6	Rectangle 46	16288	276	67	1166	59	3.34891	18653	1166	67	5846	16	19286	1205	133	5862	16	36	415685	415819	131.32	33.01
Recording23	Participant6	Rectangle	4520	205	57	450	22	3.24556	5253	1751	483	3787	3	5336	1779	550	3787	3	15	67492		464.8	
Recording23	Participant6	Rectangle 1	5579	223	83	716	25	3.2013	6412	2137	1932	2465	3	6562	2187	1949	2532	3	21		67492		464.8
Recording23	Participant6	Rectangle 2	1616	269	133	716	6	3.17959	1749	874	283	1466	2	1765	883	283	1482	2	4		67026		307.33
Recording23	Participant6	Rectangle 3	3597	200	83	366	18	3.20736	4097	1366	416	2465	3	4247	1416	466	2532	3	15	67026	67492	307.33	464.8
Recording23	Participant6	Rectangle 4	366	366	366	366	1	3.23741	366	366	366	366	1	433	433	433	433	1	0		72238		59.71
Recording23	Participant6	Rectangle 5	0				0		0				0	0				0	0				
Recording23	Participant6	Rectangle 6	0				0		0				0	0				0	0				
Recording23	Participant6	Rectangle 7	11558	218	67	849	53	3.17511	13174	941	117	4547	14	13907	993	150	4580	14	35	79317	83897	296.54	248.97
Recording23	Participant6	Rectangle 8	30545	226	67	983	135	3.13473	36706	1932	117	7761	19	37555	1977	150	7844	19	99	83897	84163	248.97	151.28
Recording23	Participant6	Rectangle 9	8177	210	67	483	39	3.11385	10191	1132	167	2715	9	10508	1168	183	2765	9	24	83897	84163	248.97	151.28
Recording23	Participant6	Rectangle 10	8444	235	67	533	36	3.17899	9660	878	283	1832	11	10159	924	350	1849	11	22	90525	90875	219.62	263.67
Recording23	Participant6	Rectangle 11	3181	289	83	983	11	3.19537	3348	1116	83	3114	3	3481	1160	150	3164	3	8	99336	96521	202.16	56.07
Recording23	Participant6	Rectangle 12	5912	204	83	566	29	3.08681	7012	779	83	2282	9	7361	818	133	2365	9	16	103033	105398	572.11	517.1
Recording23	Participant6	Rectangle 13	4663	245	83	616	19	3.11206	5413	1083	217	3847	5	5546	1109	233	3881	5	12	105398	106148	517.1	58
Recording23	Participant6	Rectangle 14	88838	357	67	2265	249	3.35646	107192	3573	117	19286	30	108691	3623	183	19336	30	152	156327	168568	118.26	284.36
Recording23	Participant6	Rectangle 15	6712	210	67	433	32	3.38686	7861	873	100	2032	9	8177	909	100	2065	9	21	222996	168102	123.52	50.74
Recording23	Participant6	Rectangle 16	13790	306	67	883	45	3.2834	15356	1024	83	4230	15	15922	1061	117	4247	15	25	202361	202544	129.62	94.37
Recording23	Participant6	Rectangle 17	899	225	67	333	4	3.35215	899	225	67	333	4	1066	266	100	350	4	0	222996	223262	123.52	93.9
Recording23	Participant6	Rectangle 18	1749	175	100	316	10	3.39139	2015	288	100	683	7	2198	314	100	716	7	2	260136	168102	346.61	50.74
Recording23	Participant6	Rectangle 19	899	225	150	333	4	3.40291	916	305	250	333	3	1016	339	283	366	3	1	260502	260869	93.13	43.76
Recording23	Participant6	Rectangle 20	1482	247	83	433	6	3.38789	1516	303	200	433	5	1699	340	233	450	5	1	259603	259969	155.55	69.57
Recording23	Participant6	Rectangle 21	1449	241	100	400	6	3.3856	1482	296	133	533	5	1665	333	167	583	5	1	259969	260136	69.57	346.61
Recording23	Participant6	Rectangle 22	16688	274	67	833	61	3.37826	19386	1077	133	2598	18	20052	1114	200	2631	18	35	167352	156327	43	118.26
Recording23	Participant6	Rectangle 23	9477	226	67	616	42	3.37583	10542	527	67	3881	20	11192	560	83	3931	20	20	201361	201994	263.68	49.82
Recording23	Participant6	Rectangle 24	14723	289	83	1099	51	3.3173	16355	861	83	3164	19	16938	891	100	3181	19	27	201994	202361	49.82	129.62
Recording23	Participant6	Rectangle 25	25873	319	67	1199	81	3.29087	30919	3092	516	9360	10	31269	3127	550	9377	10	55	338163	337081	176.45	287.18
Recording23	Participant6	Rectangle 26	3314	331	133	716	10	3.36874	3531	1177	650	2165	3	3581	1194	666	2198	3	7	348123	348789	283.82	277.33
Recording23	Participant6	Rectangle 27	2665	266	67	749	10	3.26879	2898	483	67	1799	6	3131	522	117	1832	6	3	345408	345891	42.71	46.75
Recording23	Participant6	Rectangle 28	266	266	266	266	1	3.43804	266	266	266	266	1	300	300	300	300	1	0	370873	371173	113.33	170.93
Recording23	Participant6	Rectangle 29	566	283	200	366	2	3.52654	566	283	200	366	2	600	300	217	383	2	0	348123	348506	283.82	120.83
Recording23	Participant6	Rectangle 30	1332	333	250	566	4	3.38454	1332	333	250	566	4	1449	362	283	583	4	0	348506	348789	120.83	277.33
Recording23	Participant6	Rectangle 31	1016	508	300	716	2	3.23227	1016	508	300	716	2	1099	550	333	766	2	0	371673	372439	60.59	58.6
Recording23	Participant6	Rectangle 32	0				0		0				0	0				0	0				
Recording23	Participant6	Rectangle 33	4014	175	67	383	23	3.34896	4730	1182	183	2981	4	4896	1224	233	3015	4	18	339479	338163	91.58	176.45
Recording23	Participant6	Rectangle 34	4214	248	67	450	17	3.24168	4896	816	133	2865	6	5180	863	183	2931	6	9	352153	367359	221.31	49.25
Recording23	Participant6	Rectangle 35	7628	246	67	516	31	3.36796	8860	738	117	2332	12	9210	768	133	2365	12	15	345158	345408	39.24	42.71
Recording23	Participant6	Rectangle 36	71793	278	45	1116	258	3.47444	90538	4115	83	28891	22	91454	4157	100	28908	22	163	406265	407097	225.12	174.76
Recording23	Participant6	Rectangle 37	2548	283	83	700	9	3.41606	2748	1374	949	1799	2	2815	1407	966	1849	2	7	512081	553668	220.45	182.98
Recording23	Participant6	Rectangle 38	9060	259	67	516	35	3.43591	10859	1357	67	8494	8	11142	1393	100	8511	8	19	476859	476959	34.09	46.9
Recording23	Participant6	Rectangle 39	949	475	250	700	2	3.56844	949	475	250	700	2	999	500	283	716	2	0	513646	553668	67.02	182.98
Recording23	Participant6	Rectangle 40	500	167	83	300	3	3.35931	533	266	233	300	2	583	291	250	333	2	1	513313	513646	58.26	67.02
Recording23	Participant6	Rectangle 41	583	583	583	583	1	3.26905	583	583	583	583	1	616	616	616	616	1	0	512697	513313	91.39	58.26
Recording23	Participant6	Rectangle 42	366	183	133	233	2	3.36025	366	183	133	233	2	450	225	183	266	2	0	512081	512264	220.45	36.95
Recording23	Participant6	Rectangle 43	150	150	150	150	1	3.34835	150	150	150	150	1	167	167	167	167	1	0	512264	512431	36.95	68.97
Recording23	Participant6	Rectangle 44	13923	253	83	516	55	3.35532	15322	1094	100	3064	14	15872	1134	150	3114	14	39	404899	406265	51.2	225.12
Recording23	Participant6	Rectangle 45	8994	281	100	1149	32	3.37033	10026	1253	167	3797	8	10276	1284	183	3831	8	22	430031	469614	501.54	30.66
Recording23	Participant6	Rectangle 46	16288	276	67	1166	59	3.34891	18653	1166	67	5846	16	19286	1205	133	5862	16	36	459805	459938	131.32	33.01
